Cabernet Sauvignon Barton Guestier;Каберне-Совиньон Бартон И Гестье
Merlot Barton Guestier;Мерло Бартон И Гестье
Sauvignon Blanc Cotes de Gascogne;Совиньон Блан Кот де Гасконь
Lugana Ca`Maiol;Люгана Ка'Майоль
Bosio Gavi;Бозио Гави
Bosio Langhe Arneis;Бозио Ланге Арнеис
Opera;Опера
Amarone della Valpolicella Classico La Bastia Ca'de'Rocchi;Амаронэ Делле Вальполичелла Ла Бастия Ка'Де'Рокки
Valpolicella Superiore Ripasso Montere Ca'de'Rocchi;Вальполичелла Сюперьоре Рипассо Монтере Ка'Де'Рокки
Corvina della Provincha di Verona Montere Ca'de'Rocchi;Корвина Делла Провинча Ди Верона Монтере Ка'Де'Рокки
Valpolicella Ca'de'Rocchi;Вальполичелла Ка'Де'Рокки
Soave Ca’de’Rocchi;Соаве Ка'Де'Рокки
Merlot Prato del Faggio Ca'de'Rocchi;Мерло Прато Дель Фаджо Ка'Де'Рокки
Cabernet Sauvignon Merlot Dugal Ca'de'Rocchi;Каберне Совиньон Мерло Дугаль Ка'Де'Рокки
Pinot Grigio Delle Venezie Ca'de'Rocchi;Пино Гриджо Делле Венецие Ка'Де'Рокки
Negroamaro Megale Salento;Негро Амаро Саленто Мегале Фуэдо Ди Санта Кроче
Negro Amaro Malvasia Nera Salento Malnera;Негро Амаро-Мальвазия Неро Саленто Мальнера Фуэдо Ди Санта Кроче
Primitivo di Manduria Byzantium Feudo di Santa Croce;Примитиво Ди Мандурия Бизантиум Фуэдо Ди Санта Кроче
Shiraz Sicilia Catuj;Шираз Сицилия Катуи Виньяли Роккамора
Bardolino Classico Ca’de’Rocchi;Бардолино Классико Ка'Де'Рокки
Bardolino Chiaretto Classico Campo delle Rose Ca’de’Rocchi;Бардолино Кьяретто Кампо Делле Розе Ка'Де'Рокки
Uomo;Уомо
Grecanico Sicilia Terre Sacre;Греканико Сицилия Терре Сакре
Sangiovese Puglia Terre Sacre;Санджовезе Пулия Терре Сакре
Trebbiano d'Abruzzo Terre Sacre;Треббьяно Д'Абруццо Терре Сакре
Rosato Puglia Terre Sacre;Росато Пулия Р Терре Сакре
Malvasia Bianca-Chardonnay Puglia Monteiasi Feudo di Santa Croce;Мальвазия Бьянка Шардоне Пулия Монтейази Фуэдо Ди Санта Кроче
Malvasia Bianca Salento Alea Feudo di Santa Croce;Мальвазия Бьянка-Пулия Алеа Фуэдо Ди Санта Кроче
Merlot Puglia Terre Sacre;Мерло Пулия Р Терре Сакре
Malvasia Bianca Puglia Terre Sacre;Мальвазия Бьянка Пулия Р Терре Сакре
Merlot Gaio;Мерло Пулия Гайо
Gavi San Matteo;Сан Маттео Гави С
Borgo Al Sole;Борго Аль Соле
Borgo Al Sole;Борго Аль Соле
Borgo Al Sole;Борго Аль Соле
Borgo Al Sole;Борго Аль Соле
Terre Sacre Merlot Puglia;Мерло Пулия Р Терре Сакре
Kossler Sauvignon;Кёсслер Совиньон
Kossler hardonnay;Кёсслер Шардоне
Kossler Gewurztraminer;Кёсслер Гевюрцтраминер
Kossler Pinot Grigio;Кёсслер Пино Гриджио
Kossler Lagrein;Кёсслер Лагрейн
Pinot Bianco Pinot Grigio Ista Ca'De'Rocchi IGP;Пино Бьянко Пино Гриджио Иста Ка'де'Рокки
Bardolino Tenuta Curezza Bardolino Classico;Бардолино Классико Тенута Курецца Р
Tenuta Curezza Pinot Grigio;Пино Гриджио Делле Венецие Тенута Курецца Р
Tenuta Curezza Valpolicella;Вальполичелла Тенута Курецца Р
Terre Calde Montepulciano D’Abruzzo;Монтепульчано Д'Абруццо Террекальде Р
Vignali Roccamora Carlo Alfano;Карло Альфано Виньяли Роккамора
Sangiovese Feudo di Santa Croce;Санджовезе Феудо Ди Санта Кроче Р
Bardolino Ca de Rocchi DO;Бардолино Ка'Де'Рокки Р
Ista Ca'de'Rocchi;Иста Ка'Де'Рокки
Malnera Feudo di Santa Croce;Мальнера Феудо Ди Санта Кроче Р
Bardolino Tenuta Curezza;Бардолино Тенута Курецца Р
Amarone della Valpolicella Classico Tommasi;Амароне Делла Вальполичелла Агрикола Томмази
Orvieto;Орвието С
Bordeaux Cheteau Gaseno;Бордо Шато Газено
Chateau des Correges Cotes Du Rhone;Шато Де Корреж Кот Дю Рон АОС
Chateau Carbonnieux Grand Cru Classe De Graves Pessac-Leognan;Шато Карбоньё Гран Крю Классе Де Грав Пессак-Леоньян
Chateau Cos Labory Grand Cru Classe Saint-Estephe;Шато Кос Лабори Гран Крю Классе Сэнт-Эстеф
Chateau Vernous Medoc Cru Bourgeois;Шато Верну Медок Крю Буржуа АОС
Chateau Virou;Шато Виру АОС
Chateau Placette Fronzac;Шато Пласетт
Chateau Haut Bourbon Bordeaux;Шато О Бурбон
Chateau Vernous Medoc Cru Bourgeois;Шато Верну АОС
Chateau Vaisinerie;Шато Вэзинери АОС
Chateau Les Eyquem Cuvee Hautes Graves;Шато Ле Эйкем Кюве От Грав
Château Lafleur Vauzelle;Шато Ляфлер Возель АОС
Chateau Graviere;Шато Гравьер
Chateau Lafleur Vauzelle Grande Selection Lalande De Pomerol;Шато Ляфлер Возель Гранд Селексьон АОС
Chateau Chene De Gombeau;Шато Шен Де Гомбо АОС
Chateau Virou Vieilles Vignes Premieres Cotes De Blaye;Шато Виру Вьей Винь
Quercus Chateau Vaisinerie;Керкюс Шато Вэзинери
Chateau Grand Moulinet;Шато Гран Мулине АОС
Chateau des Biscarets Tilleuls de Gauthier;Шато Де Бискарэ Тийоль Де Готье
Chateau Vaillart la Mongie;Шато Вайяр Ля Монжи
Chateau Vaillart La Mongie;Шато Вайяр Ля Монжи
Chateau La Jarre;Шато Ляжар
Chateau Vieux Castenet;Шато Вье Кастене АОС
Chateau Senilhac Dilhac;Шато Сенилак Дилак АОС
Chateau Saint Floran Cuvee Dominique;Шато Сен-Флоран Кюве Доминик
Chateau Les Nauds;Шато Ле Но
Chateau Janon;Шато Жанон АОС
Chateau Labarthe;Шато Лабарт АОС
Chateau Moulin De Laurent Mandrin;Шато Мулен Де Лоран Мандрин
Chateau Janon;Шато Жанон АОС
Segla Margaux;Сегла Марго
Chateau Soutard Saint-Emilion Grand Cru Classe;Шато Сутар Гран Крю Классе Сент-Эмильон
Saint-Estephe Chateau Lafon Rochet Grand Cru Classe;Шато Лафон-Роше Гран Крю Классе Сент-Эстеф
Chateau Nenin;Шато Ненан Помроль
Chateau Bassac Bordeaux;Шато Басак Бордо АОС
Chateau Bassac Bordeaux OAC;Шато Басак Бордо АОС
Chateau Bellevue Bordeaux;Шато Бельвю Бордо АОС
Chateau Haut Maginet Rouge Bordeaux AOC;Шато О Мажине
Chateau Haut Maginet Blanc Bordeaux AOC;Шато О Мажине
Laville Pavillon Bordeaux Blanc Moelleux;Лавиль Павийон Бордо Блан Муалле
Bouchard Aine et Fils Cotes-du-Rhone C Blanc;Бушар Энэ Фис Кот Дю Рон
Bouchard Aine et Fils Cotes-du-Rhone C;Бушар Эне Фис Кот-дю-Рон
Chateau la Rose Perruchon Expression;Шато Ля Роз Перрюшон Экспрессьон АОС
Chateau Grand Corbin;Шато Гран Корбен Экспрессьон АОС
Chateau Carbonnieux;Шато Карбонье Экспрессьон АОС
Chateau Canon La Gaffeliere;Шато Канон-Ля-Гаффельер АОС Экспрессьон
Le Petit Parisien;Ле Пти Паризтен
Le Petit Parisien;Ле Пти Паризтен
Le Petit Parisien;Ле Пти Паризтен
Le Petit Parisien;Ле Пти Паризтен
Chateau Coulonge;Шато Кулонж АОС
Chateau Coulonge;Шато Кулонж АОС
Anthonin Dubreil Les Rosieres Rosé D'Anjou;А Дюбрей Розе Д'Анжу Лэ Розьер АОС
A Dubleil Rose de Loir les Folies;А Дюбрей Розе Де Луар Лэ Фоли АОС
A Dubreil Sancerre Les Croix;А Дюбрей Сансер Лэ Круа АОС
Domaine La Barbotaine Sancerre;Домэн Ля Барботен Сансер АОС
Collection du Rhone Cotes du Rhone;Коллексьон Дю Рон Кот Дю Рон АОС
Chateau Artos Lacas;Шато Артос Лакас АОС
Chateau Jougrand;Шато Жугран АОС
Grande Reserve Devalbert;Гранд Резерв Девальбер АОС
Cuvee Villa Garrel;Кюве Вилла Гаррель АОС
Chateau de L'aumerade;Шато Де Л'Омерад
Château de l'Aumérade;Шато Де Л'Омерад АОС
Chateau de l’aumerade Cotes De Provence AOC;Шато Де Л'Омерад АОС
Puligny Montrachet;Пюлиньи-Монраше АОС
Chambolle Musigny;Шамболь-Мюзиньи АОС
Chateau Grand Billard;Шато Гран Бийар АОС
Chateau Grand Billard White Dry;Шато Гран Бийар АОС
Domain de Bosmel Jean Petit Chablis;Домэн Жан Де Бомель Пти Шабли АОС
Domaine de Bosmel Jean Chablis;Домэн Жан Де Бомель Шабли АОС
Sancerre La Vigne Blanche Champault;Домэн Ля Барботен Сансер Ле Винь Бланш Шампо АОС
Domaine des Marroniers Petit Chablis;Домэн Де Маронье Пти Шабли АОС
Domaine des Marroniers Chablis;Домэн Де Маронье Шабли АОС
Chardonnay Delatour;Шардоне Делатур Р
Sauvignon Blanc Delatour;Совиньон Блан Делатур Р
Cabernet Sauvignon Delatour;Каберне Совиньон Делатур Р
Merlot Delatour;Мерло Делатур Р
Les Grandes Places Cote Rotie;Ле Гранд Плас АОС
Château Le Bon Pasteur;Шато Ле Бон Пастор АОС
Domaine des Marroniers Chablis Grand Cru Valmur;Домэн Де Маронье Шабли Гран Крю Вальмюр АОС
Bourgogne Laurent Ternynck;Бургонь Лоран Тернинк АОС
Bourgogne Laurent Ternynck;Бургонь Лоран Тернинк АОС
Mira Ferry Lacombe;Фери Лакомб Мира Р
Ferry Lacombe Haedus;Фери Лакомб Аэдю АОС
Clos La Gaffeliere;Кло Ля Гафельер АОС
Chateau La Croix de Gay Pomerol;Шато Ля Круа Де Ге АОС
Chateau Rouget;Шато Руже АОС
Chateau La Couspaude;Шато Ля Куспод АОС
Chateau Haut Gravet;Шато О Граве АОС
Chateau Jean de Gué;Шато Жан Де Ге АОС
J P Chenet La Petite Terre;Ж П Шене Блан Муале
Medium Sweet Pays d`Oc J P Chenet;Медиум Свит Пей Д`Ок Ж П Шене
Chavron Rouge Moelleux;Шаврон Руж Муалле
Domaine du Tariquet Chardonnay Cotes de Gascogne VDP;Домэн дю Тарике Шардоне
Albert Bichot Chassagne-Montrachet Rouge AOC;Альберт Бишо Шассань-Монраше
Albert Bichot C te de Nuits-Villages AOC;Альберт Бишо Кот де Нюи-Вилляж
Chateau Martignan;Шато Мартиньян Ла Гинуаз
Chateau Coubet Cotes de Bourg AOC;Шато Кубэ Кот де Бур
Obalo Roble;Обало Робле
Manon Tempranillo;Манон
La Tarara;Ла Тарара С
Veraz;Верас
Filon;Филон
Filon Real;Филон Реал
Bula;Була
Niel Santofimia;Ниель Сантофимия
Aguza;Агуса
Torre De Golban Ribera del Duero;Торре Де Гольбан
Torre De Golban Crianza Ribera del Duero;Торре Де Гольбан Крианса
Matulan;Матулан
Matulan Rioja;Матулан Риоха
Matulan Rioja;Матулан
Valdegatiles;Вальдегатилес
Llanos Del Almendro;Льянос Дель Альмендро
Torres Mas La Plana Penedes DO;Мас Ла Плана
Don Simon;Дон Симон
Don Simon;Дон Симон
Campo Viejo Reserva;Кампо Вьеха Резерва
Campo Viejo Rioja;Кампо Вьеха Темпранильо
Antano;Антаньо
Arabarte Blanco;Арабарте Бланко С
Arabarte Rosado;Арабарте Росадо С
rabarte Tinto Joven;Арабарте Тинто Ховен С
Arabarte Tinto Joven Tempranillo;Арабарте Тинто Ховен Темпранийо С
Arabarte Reserva;Арабарте Резерва
Arabarte Gran Reserva;Арабарте Гран Резерва
Robles Del Bosque;Роблес Дель Боске
Robles Del Bosque;Роблес Дель Боске
Tierra Imperial Verdejo Sauvignon Blanc D O La Mancha;Тьерра Империал Вердехо Совиньон Блан
Marques de Monte Meru Tempranillo;Маркиз Де Монте Меру Темпранийо
Nu Tempranillo;Ню Темпранийо
Marques De Requena Shiraz-Tempranillo;Маркиз Де Рекена Сира-Темпранийо
Marques De Requena Crianza;Маркиз Де Рекена Крианса
Marques De Requena Reserva;Маркиз Де Рекена Резерва
Marques De Requena Gran Reserva;Маркиз Де Рекена Гран Резерва
Bascarlon Verdejo;Баскарлон Вердехо
Bascarlon Sauvignon;Баскарлон Совиньон
Senorio de Prayla;Сеньорио Де Прайла
Senorio de Prayla;Сеньорио Де Прайла
Senorio de Prayla;Сеньорио Де Прайла
Senorio de Prayla Crianza;Сеньорио Де Прайла Крианса
Senorio de Prayla Reserva;Сеньорио Де Прайла Резерва
Valserrano Crianza;Вальсеррано Крианса
Chiton White;Читон
Chiton Rose;Читон
ChitOn;Читон
ChitOn Crianza Rioja;Читон Крианса Риоха
Don Fabian Navarra;Дон Фабиан Наварра
Grial De Amadis;Гриаль Де Амадис
Los Santos Airen;Лос Сантос Айрен
Los Santos Airen;Лос Сантос Айрен
Los Santos Tempranillo;Лос Сантос Айрен
Los Santos Tempranillo;Лос Сантос Айрен Темпранийо
Sordo Barolo Ceretta Di Perno;Бароло Черетта Ди Перно
Lugana;Люгана
Castiglioni Chianti;Кастильони
Brunello di Montalcino Castelgiocondo;Брунелло Ди Монтальчино Кастельджокондо
Cervaro Castello della Sala Umbria;Черваро Кастелло Делла Сала Умбрия
Pinot Grigio delle Venezie IGT;Пино Гриджио Дель Венецие артори
Luce Della Vite Lucente;Люченте
Zonin Chianti;Зонин Кьянти
Le Serre Nuove Ornellaia;Ле Серре Нуове Орнеллайя
Coldisole Brunello di Montalcino;Колдизоле Брунелло Ди Монтальчино
Soave Decordi;Соаве Декорди
Amarone della Valpolicella Classico;Амароне Делла Вальполичелла Классико Аллегрини
Pinot Grigio Torresella;Пино Гриджио Торреселла
Pinot Grigio Rose Torresella;Пино Гриджио Розе Торреселла
Sauvignon Torresella;СовиньонГрижио Торреселла
Chardonnay Torresella;Шардоне Торреселла
Primitivo di Puglia;Примитиво Ди Пулия
Villa Lucia Toscana Bianco IGT;Вилла Лучиа Тоскана
Villa Lucia Toscana Rosso IGT;Вилла Лучиа Тоскана
Isola Grillo Sicilia IGT;Изола Грилло
Freschello Bianco;Фрескелло Бьянко
Barco Reale Di Carmignano Capezzana;Барко Реале Ди Карминьяно Капеццана
Romito Del Romitorio Sant'antimo Castello Romitorio;Ромито Дель Ромиторио Сант'Антимо Кастелло Ромиторио
Brunello Di Montalcino Castello Romitorio;Брунелло Ди Монтальчино Кастелло Ромиторио
Barolo Patrizi DOCG;Бароло Патрици
Barbaresco Patrizi;Барбареско
